recipe_id,recipe_title,question_types,plain_english_pattern,what_to_notice,prediction_rule,common_traps,repair_lesson,mastery_threshold
FLAW_DESCRIBE,Describe the Flaw,"[""FL""]","The argument draws a conclusion from support that leaves one specific hole open: an alternative it never rules out, a case that does not transfer, or a rate mistaken for an instance. The credited answer names that hole in general terms.","A verdict is stated and defended, and one step between the last piece of evidence and the verdict is unearned. The stem asks what is wrong with the reasoning, not what would fix it.","Say the leap in one sentence -- it concludes X from Y, but Y leaves Z open -- before you read a single choice.","[""Scope Failure"",""Misdescription"",""Structure Failure"",""Relevance Failure"",""Conditional Failure""]","A miss here usually means you accepted a choice that names a famous error the argument never committed, because the name was familiar. Before accepting any flaw description, find the sentence in which the argument makes that move. If you cannot point to it, the choice is describing some other argument.",0.85
NA_REQUIRED,What the Argument Must Assume,"[""NA""]",The argument's support reaches its conclusion only because something further is quietly taken for granted. That unstated thing is not extra help; without it the support does not connect at all.,"The support establishes one thing while the conclusion needs another, and nothing in the passage closes the distance between them.","Say what has to be true for this support to reach this conclusion, then confirm that denying your sentence would break the argument outright.","[""Scope Failure"",""Direction Failure"",""Conditional Failure"",""Causal Failure"",""Role Failure""]","A miss here usually means you chose a statement that would help the argument rather than one it cannot do without. Necessary is not the same as useful. Negate the choice: if the argument still stands, it was never required.",0.85
WEAKEN_ATTACK_KEY_LINK,Weaken by Breaking the Link,"[""WK""]","The argument crosses from its evidence to its verdict over a single load-bearing link -- a mechanism, a comparison, or a second aim that must also be met. Everything the conclusion claims depends on that one connection holding.",One sentence carries the whole inference and the passage never defends it; the evidence would sit just as comfortably in an argument reaching the opposite verdict.,"Name the one link the conclusion cannot survive without, then predict the fact that would make that link fail while leaving the evidence true.","[""Scope Failure"",""Direction Failure""]","A miss here usually means you picked something unwelcome for the conclusion's topic rather than something fatal to its link, or a fact that in truth pushes the other way. Weakening is not the same as bad news. Locate the link first, then ask what would sever it.",0.85
STRENGTHEN_SUPPORT_CAUSE,Confirm the Proposed Mechanism,"[""ST""]","The argument observes a result and proposes one explanation for it -- a cause, a purpose, a mechanism. The support is consistent with that explanation but does not yet single it out from the alternatives.","A cause or purpose is asserted on the strength of a correlation, a laboratory result, or one observation, and nothing yet ties the result to that mechanism in particular.","Name the explanation the argument is defending, then predict the fact that would fit it and no rival -- a matching timing, pattern, or confirmation in the field.","[""Scope Failure"",""Direction Failure""]","A miss here usually means you took a fact that restates the argument's topic, or that merely clears a practical objection, as support for its explanation. Removing an obstacle is not evidence. Ask whether the choice makes the proposed explanation likelier than its rivals.",0.85
SA_BRIDGE,Supply the Missing Conditional,"[""SA""]","The support names one thing and the conclusion names another, and the argument never states the rule that carries you across. Add the right rule and the conclusion follows with no slack left over.","A term appears in the conclusion that never appeared in the support, or the reverse; what is missing is a rule, not more evidence.","Write the rule as ‘if what the support gives, then what the conclusion needs’ and hunt for that exact sentence among the choices.","[""Scope Failure"",""Conditional Failure"",""Direction Failure"",""Role Failure""]","A miss here usually means you chose a statement that makes the conclusion likely rather than one that makes it follow. A sufficient assumption is not an aid; it is the missing premise. Check that once your choice is added, the conclusion is unavoidable.",0.85
MSS_SUPPORTED,Draw the Best-Supported Claim,"[""MSS""]","The passage supplies facts and stops short of a verdict, often as a chain, a proportion, or a comparison drawn between two situations. One claim is better backed by those facts than any other.","The passage ends without a conclusion, or with a blank to fill; its sentences link to one another, and following that linkage is the whole task.","Follow the passage's own links to their end and state the most modest claim they leave standing, before you look at any choice.","[""Inference Failure"",""Scope Failure"",""Direction Failure"",""Analogy Failure""]","A miss here usually means you accepted a claim the passage merely permits, or you ran one of its chains backwards. Ask of your choice whether the passage would still allow it to be false. Stay with the smallest claim the facts actually carry.",0.90
MAIN_CONCLUSION,Find the Main Conclusion,"[""MC""]",Every sentence in the passage either supports one particular claim or prepares the ground for it. That one claim is the point being argued; the rest is machinery.,"Watch for a concession word such as ‘but’ or ‘even so’, or a recommendation carrying ‘should’; the conclusion usually sits after the concession rather than in the opening sentence.","Take each candidate claim and ask whether the rest of the passage supports it or it supports the rest, then state the conclusion in your own words.","[""Conclusion Failure"",""Role Failure"",""Scope Failure"",""Direction Failure""]","A miss here usually means you chose the most emphatic or the most sweeping sentence instead of the supported one. Emphasis is not conclusion, and a bolder claim is not a better one. Run the support test on every candidate, including the one you like.",0.85
MBT_DEDUCE,Must Be True,"[""MBT""]","The passage lays down rules, definitions, or facts that interlock. One claim is forced by them: it cannot be false while they are true.","The passage reads as a set of rules rather than an argument -- definitions, universal claims, or a superlative such as ‘the gravest of all’.","Combine the rules in the only order they permit and state what they force, then accept no choice that could still be false.","[""Inference Failure"",""Scope Failure"",""Direction Failure""]","A miss here usually means you accepted the most reasonable-sounding claim rather than a guaranteed one. Must-be-true tolerates no ‘probably’. Try to build a world where the passage holds and your choice fails; if you can, discard it.",0.80
PARALLEL_REASONING_FORM,Match the Argument's Form,"[""PA""]","The argument's content is disposable; what is being tested is its skeleton -- how its quantifiers, conditionals, and conclusion fit together. A choice matches only if that skeleton is the same.","The subject matter of the choices has nothing to do with the passage, which is itself the signal that only shape is at issue.","Rewrite the argument with letters -- all A are B, some C are A, therefore some C are B -- and match that skeleton rather than the story.","[""Parallel Failure"",""Form Failure""]","A miss here usually means you matched the topic, the tone, or the conclusion's confidence rather than the form. Reduce both arguments to letters before comparing them. Then check the quantifiers and the order of premise and conclusion, one at a time.",0.75
ROLE_IN_ARGUMENT,Role of a Claim,"[""RC""]","One sentence of the argument is singled out, and the question is what work it does: supporting the conclusion, being supported by it, conceding a point, or standing as the view under attack.","The stem quotes a particular claim back at you; the conclusion is elsewhere in the passage, and the quoted claim's role is defined entirely by its relation to it.","Find the argument's conclusion first, then say in one phrase what the quoted claim does for it -- supports it, follows from it, or is opposed by it.","[""Role Failure"",""Direction Failure"",""Scope Failure""]","A miss here usually means you judged the quoted claim by how important it sounded instead of by where it sits. A claim can be true, central, and still be a premise. Locate the conclusion before you judge anything else; every other role is defined against it.",0.80
RESOLVE_EXPLAIN,Resolve the Discrepancy,"[""RP""]","The passage states two facts that sit together badly: an intervention that should have helped and did not, or an effect with no visible cause. Both facts are true; the tension lies in what the reader expected.","Two claims are joined by ‘yet’, ‘however’, or ‘surprisingly’, and neither of them is being disputed.","State the surprising pairing as ‘X, and yet Y’, then predict a fact that would make Y unsurprising while leaving X entirely true.","[""Resolve Failure""]",A miss here usually means you chose a fact that was interesting about the situation rather than one that dissolves the tension -- or one that deepens it. A resolving fact leaves both original facts standing. Test any candidate by asking whether the pairing still surprises you once it is granted.,0.85
PARALLEL_FLAW,Match the Flawed Pattern,"[""PF""]","The argument commits one specific error, and the task is to find a second argument that commits the same one. The two topics have nothing to do with each other; the mistake is the only shared thing.","The stem asks for reasoning that is flawed in a similar way, which tells you the passage is already broken before you read a single choice.","Name the passage's error in one abstract sentence -- a fall in rank read as a fall in value, a blend of extremes read as an average -- and find the choice that makes exactly that mistake.","[""Form Failure""]","A miss here usually means you found a choice that was merely flawed, or flawed in a famous way, rather than flawed in the same way. Every wrong argument is wrong somehow. Name the passage's particular error first and treat it as the only thing you are matching.",0.75
PRINCIPLE_JUSTIFY,Principle That Justifies the Reasoning,"[""PR""]","The argument moves from a particular set of facts to a verdict -- something ought to be done, or someone is at fault. A general rule is missing that would make that verdict follow from those facts.","The conclusion carries a verdict word such as ‘should’ or ‘ought’ while the support is purely factual, and nothing in the passage says why those facts warrant that verdict.","State the rule as ‘whenever these facts hold, this verdict follows’ and look for the choice that says exactly that and no more broadly.","[""Scope Failure"",""Principle Failure"",""Direction Failure""]","A miss here usually means you chose a rule that sounded agreeable, or one wider than the case requires. A justifying principle must have its conditions met by these facts and must deliver this verdict. Check both ends of the rule, not just the half that sounds right.",0.80
METHOD_OF_REASONING,Describe the Argument's Method,"[""MR""]","The argument does something recognizable to a claim it has in its sights: denying that the claim falls under a category, answering an objection, producing a case the claim cannot accommodate, or likening the disputed practice to an accepted one.","There is an opponent or a claim being answered, and the passage's own conclusion is about that claim rather than about the world.","Describe in your own words the move the argument makes against the claim it targets, then find the choice that matches your description.","[""Role Failure"",""Method Failure"",""Direction Failure"",""Evidence Failure"",""Scope Failure""]","A miss here usually means you accepted an abstract description that sounded like reasoning without checking it against the passage. Method language is easy to assert and slow to falsify. Say the move out loud first, then eliminate any choice naming a technique you cannot point to.",0.80
STRENGTHEN_CLOSE_SUPPORT_GAP,Add the Missing Link,"[""ST""]","The argument's support would establish its conclusion only if some unstated connection holds -- that a benefit carries over from one case to another, or that a gap in the record runs the way the argument needs.","The support concerns one case while the conclusion concerns a second, or an inference about a record depends on how that record came to be assembled.","Name the connection the support needs in order to reach the conclusion, then predict the fact that would affirm that connection.","[""Scope Failure"",""Direction Failure"",""Comparison Failure""]","A miss here usually means you reinforced the case the argument already had instead of the bridge it lacked. Strengthening the model case does nothing for the target case. Ask which unstated connection is bearing the weight, and support that.",0.75
WEAKEN_ALTERNATIVE_CAUSE,Weaken with a Rival Cause,"[""WK""]","The argument sees two things occurring together and concludes that one produced the other. Nothing in the passage rules out a third factor, a selection effect, or a marker that both share.","The evidence is a co-occurrence or a difference between groups, the conclusion is causal, and the groups were never assigned -- they arose.","Ask what else could have produced the very same observation, then predict the fact that would let that rival do the work instead.","[""Scope Failure"",""Direction Failure"",""Comparison Failure""]",A miss here usually means you attacked the size or the reliability of the effect rather than its cause. Noise is not a rival. Supply a specific alternative that would produce the same observation with the argument's cause absent.,0.70
POINT_AT_ISSUE,Find the Point at Issue,"[""PI""]","Two speakers address one situation and reach different verdicts, but most of what each says goes untouched by the other. Exactly one proposition is affirmed by one speaker and denied by the other.","The second speaker rarely contradicts the first head-on; they raise a different consideration, so the collision has to be located rather than read off.","Write one sentence the first speaker would sign and the second would refuse, then look for it among the choices.","[""Dispute Failure"",""Role Failure"",""Scope Failure""]","A miss here usually means you chose a claim only one speaker addresses, treating silence as denial. Both speakers must take a stand, and the stands must be opposite. Test every choice twice, once against each speaker.",0.70
STRENGTHEN_RULE_OUT_RIVAL,Rule Out the Rival Cause,"[""ST""]",The argument reads an observation one way when a second reading is equally available. Its conclusion stands only if that rival reading is false.,"The evidence would look exactly the same under a less flattering explanation, and the passage never so much as mentions that explanation.","Name the rival explanation the evidence would support just as well, then predict the fact that would eliminate it.","[""Direction Failure"",""Scope Failure""]","A miss here usually means you added a fact that fits the argument's story rather than one that excludes the competing story. Compatibility is not support. Identify the rival first, then strengthen by killing it.",0.75
EVALUATE_KEY_UNCERTAINTY,Evaluate the Pivotal Uncertainty,"[""EV""]",The argument advances a hypothesis on evidence that a second factor could explain just as well. Whether the hypothesis survives turns on one question the passage never answers.,"The stem asks what would be useful to know, and the group under study shares some further feature besides the one the argument is investigating.","Name the factor that travels alongside the argument's cause, then form the question ‘does that factor alone produce the effect?’","[""Scope Failure""]",A miss here usually means you chose a question whose answer would be interesting but would leave the verdict where it was. A useful question has two answers that push the conclusion in opposite directions. Answer each candidate both ways and keep the one that splits the verdict.,0.70
PRINCIPLE_ILLUSTRATE,Name the Principle Illustrated,"[""PR""]","The passage reports observations that pull against each other -- something usually does one thing, and sometimes the opposite. Taken together they exemplify a general rule weaker than either observation alone.","Nothing is argued for; the passage simply reports what happens, often in the shape ‘usually ... but sometimes’.","State the most cautious generalization that both observations satisfy, keeping every hedge the passage forces upon you.","[""Scope Failure"",""Direction Failure""]","A miss here usually means you chose a principle stronger than the observations license, dropping the exception the passage supplied. An illustration constrains from both sides at once. Reject any principle that a single one of the reported observations would refute.",0.75
PRINCIPLE_APPLY,Supply the Triggering Fact,"[""PR""]","A general principle with more than one condition is stated, and a verdict is drawn about a particular case. The case is described too thinly to show that any of the principle's conditions is actually met.","The passage gives a rule with branches -- if either this or that -- and then a verdict about someone, without saying which branch that person falls under.","Read the principle's branches, then predict the missing fact that would place the case squarely inside one of them.","[""Scope Failure"",""Direction Failure""]","A miss here usually means you chose a fact that fits the story rather than one that satisfies a branch of the rule. Only the rule's conditions matter. Match the missing fact to a clause of the principle, word against word.",0.70
PRINCIPLE_CONFORM,Find the Conforming Case,"[""PR""]","A principle is laid down, typically in two halves: something is warranted, and something further is not thereby warranted. The task is to find the case that behaves exactly as the principle says a case should.","The principle carries both a concession and a limit -- it gives reason to doubt, but does not prove -- so a conforming case must honour both halves.","Split the principle into its halves and predict a case that satisfies each in turn, rejecting any choice that satisfies only one.","[""Principle Failure""]","A miss here usually means you accepted a case that matched the principle's first half and quietly violated its second. Near misses on a principle are the whole of the test. Check every clause against the case, including the clause saying what does not follow.",0.65
